detector,h,dev_n,dev_days,dev_indep,dev_mean,dev_median,dev_hit,dev_daily_mean,dev_t,dev_p,holm,bh,hold_n,hold_days,hold_indep,hold_mean,hold_median,hold_hit,hold_daily_mean,hold_t,hold_p
E_RESID6,72,3795,433,151.3,0.0017056141978169163,-0.007035143408967666,0.427931488801054,0.0036027415992529194,1.5459932570706225,0.12210619630649285,1.0,0.3459675562017297,1174,120.0,40.0,-0.0013825112779037936,-0.01195727347793114,0.40630323679727426,-0.004846453109081263,-1.8477677961762355,0.0646359415128642
E_RESID6,168,3746,429,64.3,0.0017934374981933968,-0.011200756382731908,0.42899092365189534,0.005667105334218913,1.7433683409452874,0.08126929472189691,1.0,0.307017335616055,1136,116.0,16.6,-0.0021469301932000376,-0.012719777853344615,0.43221830985915494,-0.00314702246309462,-0.7223246836887706,0.47009488041696895
E_RESID6,336,3668,422,31.6,0.0030973006352858126,-0.013714698391630732,0.4323882224645583,0.007495028112833581,1.374402669663938,0.16931670781948682,1.0,0.3843252133047895,1029,109.0,7.8,-0.003991461489297371,-0.019488927760799406,0.41205053449951407,-0.0070301323764395745,-1.5034817832069383,0.1327148510555566
E_BREAKOUT,72,424,219,151.3,0.013792980695741185,-0.005297204812998564,0.46226415094339623,0.014044787771992001,2.3525946769989474,0.018642943113772518,0.6152171227544931,0.1966992582042469,178,81.0,40.0,0.002811283534343268,-0.010356528971029615,0.42134831460674155,0.00600134225352215,0.5812056247591735,0.5611018772094836
E_BREAKOUT,168,418,216,64.3,0.006952327672287858,-0.014406545657800064,0.43779904306220097,0.003364637722824626,0.33590269373229387,0.7369442456638986,1.0,0.8166468654132847,158,77.0,16.6,0.011566566981526293,-0.008581187333816045,0.46835443037974683,0.018096034982887126,1.1977185733786098,0.23102659611600268
E_BREAKOUT,336,407,210,31.6,0.0173888378902368,-0.018996799546493984,0.44717444717444715,0.012544815728866785,1.2120254948358062,0.22550262156430181,1.0,0.4435043685744454,130,71.0,7.8,0.008196452732695526,-0.03184917291973519,0.4076923076923077,0.0072246088164900375,0.5070978727771963,0.6120861475158721
E_OI_BUILD,72,1102,379,151.3,0.0024573426469083233,-0.0032905073886369297,0.46098003629764067,0.004332488708756296,1.8038921290951941,0.07124821911608407,1.0,0.30280493124335733,316,101.0,39.7,-0.005502244243181754,-0.008073506248608097,0.40822784810126583,-0.005447648334457483,-1.6395342438524558,0.10110204497816601
E_OI_BUILD,168,1081,375,64.1,0.0072813593058112915,-0.005461815283681027,0.46345975948196116,0.009762973415986307,2.2368876277850105,0.02529368538269501,0.8093979322462403,0.1966992582042469,313,99.0,16.4,-0.005035990721887783,-0.01155205765717008,0.43450479233226835,-0.0074909843091640685,-1.7482932023248419,0.08041326972105593
E_OI_BUILD,336,1067,370,31.6,0.009977494437676924,-0.010011098229678411,0.44611059044048734,0.01079898967919444,1.619092335899157,0.10542739757801378,1.0,0.3258665016047699,286,93.0,7.8,-0.020021284262081083,-0.01793451982037402,0.4020979020979021,-0.02502475558759383,-4.024391280136025,5.712287547499702e-05
E_SQUEEZE,72,2431,410,151.3,0.003524322639803146,-0.005190211270546741,0.45331139448786506,0.0033938985257247487,1.0940588492887717,0.27392916882539275,1.0,0.4435043685744454,530,114.0,40.0,0.002254561329344254,-0.0051994048841042285,0.469811320754717,0.001158871077520115,0.26420986856030293,0.7916182071726608
E_SQUEEZE,168,2405,406,64.3,0.0046417858856754625,-0.007461237061426748,0.4498960498960499,0.003976336604355674,0.7973480524247198,0.42524892001824915,1.0,0.6286288382878465,520,110.0,16.6,-0.003179588812331644,-0.011637819906156595,0.4461538461538462,-0.0031869066818433927,-0.7295974778338589,0.4656362643617982
E_SQUEEZE,336,2339,399,31.6,0.00855071676920763,-0.009487178164215756,0.4476271911073108,0.010772790080619892,1.1609984115006664,0.24564254544194325,1.0,0.4435043685744454,503,105.0,7.8,-0.004316262199508574,-0.020766784940044906,0.39363817097415504,-0.0016791076964409264,-0.22778688901803235,0.8198119198243483
S_SPOT_LED,72,1893,424,151.3,0.0018795863835315884,-0.004570513884333421,0.43475964078182777,0.0014734096975130028,0.8518771983086755,0.39428225354479407,1.0,0.6093453009328637,547,117.0,40.0,6.23340530206779e-05,-0.006010276618165559,0.4296160877513711,-0.0006951258226929986,-0.2676875541115611,0.7889398306881714
S_SPOT_LED,168,1883,420,64.3,0.0010327875724585735,-0.009796244079004993,0.4200743494423792,0.0013179862288836201,0.49755050549915597,0.6188008965207218,1.0,0.8092011723732515,523,113.0,16.6,-0.0034991364850005036,-0.01075823460647061,0.4168260038240918,-0.0019482823775049637,-0.4770047595945915,0.6333587323989355
S_SPOT_LED,336,1847,413,31.6,0.001029733064684256,-0.01535314854172884,0.41851651326475364,0.002103943025394386,0.453059089081831,0.6505061933463098,1.0,0.8103325241994216,492,106.0,7.8,-0.012398385537735607,-0.02378385819255792,0.38414634146341464,-0.014460504619103958,-2.353885236290379,0.01857834593238048
F_REV_UP,72,811,353,150.7,0.0031468875697543,-0.0006650461190562569,0.4907521578298397,0.0049661629147487955,2.11170646928691,0.03471163380074945,1.0,0.1966992582042469,252,94.0,40.0,0.0025996833288438772,-0.002576170340682405,0.48412698412698413,0.007362361228706946,1.6266831410692244,0.10380441113949139
F_REV_UP,168,809,352,64.3,0.004280110626488388,-0.005060811903757789,0.4622991347342398,0.006727352590536107,1.4305621511700488,0.15255574141230696,1.0,0.3843252133047895,245,91.0,16.6,0.016216129058801928,0.0005345282875275845,0.5020408163265306,0.01988986809112106,2.725477007207675,0.006420864842608467
F_REV_UP,336,799,345,31.6,0.007775248978634996,-0.012144354159866914,0.4455569461827284,0.009171521501124649,1.2632104360749885,0.2065135633171814,1.0,0.4388413220490105,237,86.0,7.8,0.03149205655863475,0.0022238872516520646,0.5063291139240507,0.03735808461672979,3.153014672588419,0.0016159368438872026
F_FEES_UP,72,911,354,150.7,0.002852173262824924,-0.002374980709673239,0.4665203073545554,0.005097702680811451,1.899159559007664,0.05754350016643348,1.0,0.2794970008083912,300,102.0,40.0,0.0008175627242097846,-0.005916770568714477,0.46,0.003657929497636549,0.7362959457055706,0.4615506130094601
F_FEES_UP,168,909,353,64.1,0.002542372467035639,-0.007344253298949874,0.42794279427942794,0.007039565395646033,1.373634305461851,0.16955524116387774,1.0,0.3843252133047895,289,98.0,16.6,0.012231402069931216,-0.00452202329389613,0.47750865051903113,0.016738967265850505,2.6849609977477265,0.007253827046753799
F_FEES_UP,336,901,349,31.6,0.0006383557768668083,-0.015436861623578324,0.4239733629300777,0.010002014987489736,1.1160457160303525,0.26440256643857785,1.0,0.4435043685744454,279,92.0,7.8,0.01776756482610969,-0.0009087501603151013,0.4874551971326165,0.020050510766338285,1.61527273307166,0.10625164576196901
F_TVL_UP,72,778,305,151.3,-0.003447050726592146,-0.006097647435874081,0.42287917737789205,-0.0016480902349086271,-0.39727324272219106,0.691165976523036,1.0,0.8103325241994216,236,83.0,40.0,-0.0031694513107018533,-0.007354747964189315,0.423728813559322,0.0010215473261310473,0.189294225951256,0.8498622205407459
F_TVL_UP,168,770,302,64.3,-0.00519454871641378,-0.008103381665440647,0.42207792207792205,-0.004554566198419975,-0.7153005294780388,0.4744233614639636,1.0,0.6720997620739485,206,79.0,16.6,-0.012629983654377,-0.02161400893236056,0.3592233009708738,-0.007899958394792902,-1.4031629972921542,0.16056823895149855
F_TVL_UP,336,762,297,31.6,-0.0063488351547047895,-0.01471262723850092,0.42650918635170604,-0.01014050868974172,-1.148234317375861,0.2508718459178291,1.0,0.4435043685744454,180,74.0,7.7,-0.012871632901062087,-0.030522294370562024,0.3888888888888889,-0.01787782097617525,-1.3584587351547126,0.17431816784530385
I_RESILIENT,72,1044,266,151.3,0.0010355752525718826,-0.006811895701608656,0.4185823754789272,0.002185000625551815,0.5999515687569401,0.5485385129325755,1.0,0.7460123775883026,279,66.0,40.0,-0.0006992819815795328,-0.010432405327602295,0.40860215053763443,-0.003296378983053607,-0.4402928201760378,0.659725040185934
I_RESILIENT,168,1022,262,64.3,-0.003875913381186179,-0.014363825530373407,0.4070450097847358,0.0005690451470764436,0.11694775945531174,0.9069014512146174,1.0,0.9611058758561258,269,65.0,15.6,-0.0016625233883176933,-0.017873544439269497,0.3754646840148699,-0.003722853886231904,-0.2901467555122985,0.7717039677481586
I_RESILIENT,336,994,255,31.6,0.0015914970467745218,-0.01881462793688806,0.4275653923541248,0.0025608479268595394,0.4171715439761397,0.676552937546115,1.0,0.8103325241994216,269,65.0,7.8,-0.005418602820878755,-0.013315693449361746,0.42379182156133827,-0.01972947684327827,-1.8006281666943085,0.07176150656711015
I_RECOVERY,72,2725,395,151.3,0.005344278955769723,-0.007021192798029166,0.43009174311926607,0.011244888341905332,3.1951786836732112,0.0013974429267193194,0.047513059508456856,0.047513059508456856,861,116.0,40.0,-0.0016482294066466991,-0.018538011540566494,0.40069686411149824,-0.006367752608628565,-1.214137512260242,0.22469521748332483
I_RECOVERY,168,2704,391,64.3,0.005623180333463623,-0.011324659899469946,0.4363905325443787,0.009283114058993966,2.1315194966380573,0.033046367989443985,0.9913910396833195,0.1966992582042469,814,112.0,16.6,0.000764042229693207,-0.01800268533314143,0.43366093366093367,-0.004769293645891599,-0.7442300304020854,0.45673732314800564
I_RECOVERY,336,2647,384,31.6,0.007819521749836524,-0.016495131307039994,0.43105402342274274,0.014075539648858248,2.1569613560086034,0.031008675579039368,0.9612689429502204,0.1966992582042469,704,105.0,7.8,0.0004523863719497491,-0.030234004057417732,0.40198863636363635,-0.012800885065011173,-1.6797514425397861,0.0930056862930235
S_ACCUM,72,1041,356,151.0,0.0006033773452224861,-0.0033252330599388823,0.4505283381364073,-0.00010299963654830541,-0.048765877198231104,0.9611058758561257,1.0,0.9611058758561258,299,100.0,40.0,0.0014826636090607167,-0.005869925828630865,0.431438127090301,0.0045599163838235725,1.179268592777222,0.2382912402963836
S_ACCUM,168,1034,353,63.9,0.00021249444083786405,-0.009445736735009442,0.41876208897485495,0.0009468290488492379,0.3257813514627314,0.7445897890532889,1.0,0.8166468654132847,292,96.0,16.6,-0.004427477741891135,-0.011136267845207574,0.4212328767123288,0.0040791764582792205,0.901629983015306,0.36725345814272414
S_ACCUM,336,1025,350,31.5,0.0011193855539430577,-0.01263422927681548,0.4292682926829268,-0.00028300355443603337,-0.060811927535900034,0.9515089911035647,1.0,0.9611058758561258,282,90.0,7.8,-0.010554385141341912,-0.01848571197214486,0.40070921985815605,-0.0017937584130722562,-0.3317050154949059,0.7401120130973963
S_LEV_CHASE,72,19,13,131.7,-0.017376407086138402,-0.01346992218598135,0.3157894736842105,-0.017997215984014648,-1.685432219019797,0.09190521184561207,1.0,0.31247772027508103,5,,,,,,,,
S_LEV_CHASE,168,19,13,56.4,-0.0008868496002237707,-0.021389307327321853,0.3684210526315789,-0.008561305944902039,,,,,5,,,,,,,,
S_LEV_CHASE,336,19,13,28.2,0.010748234186614877,-0.006022994705636636,0.3684210526315789,0.006445556709758483,,,,,4,,,,,,,,
