rule,n,pre,early,late,lift_pre,lift_early,lift_late
FUND_HOT,2582,0.19209914794732766,0.09759876065065841,0.28853601859024014,2.8892470275989406,1.5119570038719947,3.157628898786399
SHOCK,9819,0.11681433954577859,0.09247377533353703,0.21509318667888788,1.756933786120259,1.432562989098606,2.3538983642588036
SHORT_COVER,8112,0.0673076923076923,0.08234714003944774,0.15051775147928995,1.0123342659899048,1.275685616307373,1.6472092606445625
LONG_CROWD,948,0.18459915611814345,0.07805907172995781,0.4419831223628692,2.7764441894237897,1.2092567511210497,4.836895881379741
OI_DIV,15643,0.09659272518059196,0.06712267467877006,0.041679984657674356,1.4527927223926504,1.039834905921043,0.45612996498350533
COIL,10203,0.0679211996471626,0.0631186905812016,0.02714887778104479,1.0215616585937528,0.9778069481954357,0.2971070352668501
OI_FLUSH,14615,0.09004447485460143,0.06253848785494355,0.08019158398905234,1.3543044521816365,0.9688187031625765,0.8775863210439873
OI_TREND,18156,0.09407358448997577,0.06047587574355585,0.42680105750165237,1.414903851826384,0.9368656249954636,4.670749114042842
LS_EXT,48758,0.07026539234587145,0.05812379506952705,0.14288937200049223,1.0568192422906924,0.9004282273783062,1.5637271650266549
FUND_COLD,33514,0.104344453064391,0.05725965268246106,0.09924210777585486,1.5693817702168666,0.8870413142069015,1.0860680376079521
SHORT_CROWD,16472,0.1105512384652744,0.05506313744536183,0.11601505585235551,1.662734273140846,0.8530138678059073,1.2696248282747575
RESID,30647,0.10885241622344764,0.05436094886938363,0.3673769047541358,1.6371833159134734,0.8421358717287922,4.020433694435113
VOL,26152,0.14289538085041298,0.046879779749158766,0.358442948914041,2.1492029443716105,0.7262408954702125,3.922663865631774
