symbol,watch,start,peak,gain,days,push_pre,push_pre_base,push_pre_rules,push_lag_h,push_done,push_left,push_rules,uppush_pre,uppush_pre_base,uppush_pre_rules,uppush_lag_h,uppush_done,uppush_left,uppush_rules,fire_pre,fire_pre_base,fire_pre_rules,fire_lag_h,fire_done,fire_left,fire_rules,t30_h,t50_h,start_utc,peak_utc
AAVE,True,1789578000000,1790690400000,0.3821439116775644,12.875,True,1.0,RESID,0.0,0.0,0.3821439116775644,RESID;LS_EXT,True,0.7203703703703703,SHORT_COVER,22.0,0.26664216514229383,0.26787324729146034,RESID,True,1.0,,0.0,0.0,0.3821439116775644,RESID;LS_EXT,24.0,57.0,2026-09-16 17:00:00,2026-09-29 14:00:00
ADA,False,1789570800000,1790384400000,0.23601108008704466,9.416666666666666,False,0.29259259259259257,,0.0,0.0,0.23601108008704466,FUND_COLD;SHORT_CROWD,False,0.0,,,,,,True,0.9444444444444444,,0.0,0.0,0.23601108008704466,FUND_COLD;SHORT_CROWD,34.0,58.0,2026-09-16 15:00:00,2026-09-26 01:00:00
AERO,False,1789567200000,1790420400000,0.6043442969597589,9.875,False,0.17037037037037037,,218.0,0.8148545984076986,0.09146522162274363,RESID;SHOCK;LS_EXT,False,0.17037037037037037,,218.0,0.8148545984076986,0.09146522162274363,RESID;SHOCK;LS_EXT,False,0.7888888888888889,,22.0,0.21695900646738533,0.4479595076929558,SHOCK,39.0,210.0,2026-09-16 14:00:00,2026-09-26 11:00:00
ALGO,False,1789567200000,1789916400000,0.24083496836067303,4.041666666666667,True,0.3277777777777778,FUND_COLD;RESID,97.0,1.0,0.0,RESID;SHOCK;VOL,False,0.21481481481481482,,97.0,1.0,0.0,RESID;SHOCK;VOL,True,0.9574074074074074,,0.0,0.0,0.24083496836067303,FUND_COLD,36.0,78.0,2026-09-16 14:00:00,2026-09-20 15:00:00
ALGO,False,1790211600000,1790654400000,0.3635540924843038,5.125,False,0.3277777777777778,,104.0,0.7141602677721659,0.09268432883521993,OI_TREND;RESID;SHOCK,False,0.21481481481481482,,104.0,0.7141602677721659,0.09268432883521993,OI_TREND;RESID;SHOCK,True,0.9574074074074074,,1.0,0.02632290896588849,0.35246925909335286,OI_FLUSH,24.0,62.0,2026-09-24 01:00:00,2026-09-29 04:00:00
APT,False,1789570800000,1789790400000,0.37294134601642753,2.5416666666666665,False,0.2777777777777778,,0.0,0.0,0.37294134601642753,FUND_COLD;SHORT_CROWD;LS_EXT,False,0.12407407407407407,,35.0,0.662793246623348,0.11280015789987381,RESID;SHOCK;LS_EXT,True,0.9685185185185186,,0.0,0.0,0.37294134601642753,FUND_COLD;SHORT_CROWD;LS_EXT,31.0,35.0,2026-09-16 15:00:00,2026-09-19 04:00:00
APT,False,1789801200000,1790434800000,0.21453487294257145,7.333333333333333,True,0.2777777777777778,OI_TREND;RESID;VOL;LS_EXT,,,,,True,0.12407407407407407,OI_TREND;RESID;VOL;LS_EXT,,,,,True,0.9685185185185186,,0.0,0.0,0.21453487294257145,VOL,4.0,47.0,2026-09-19 07:00:00,2026-09-26 15:00:00
ARB,True,1789430400000,1789700400000,0.7154875344681921,3.125,False,0.7407407407407407,,15.0,0.24711125751472282,0.501300953010411,OI_TREND;FUND_COLD;SHOCK;SHORT_CROWD,False,0.2851851851851852,,15.0,0.24711125751472282,0.501300953010411,OI_TREND;FUND_COLD;SHOCK;SHORT_CROWD,False,0.7481481481481481,,15.0,0.24711125751472282,0.501300953010411,OI_TREND;FUND_COLD;SHOCK;SHORT_CROWD,23.0,64.0,2026-09-15 00:00:00,2026-09-18 03:00:00
BCH,False,1789394400000,1790164800000,0.48189540906075395,8.916666666666666,False,0.27037037037037037,,190.0,0.6088157187537664,0.16632918080924636,OI_TREND;RESID;SHOCK;VOL,False,0.22592592592592592,,190.0,0.6088157187537664,0.16632918080924636,OI_TREND;RESID;SHOCK;VOL,True,0.7777777777777778,,24.0,0.03871114312192502,0.459503059963409,SHOCK,85.0,190.0,2026-09-14 14:00:00,2026-09-23 12:00:00
BONK,False,1789570800000,1790154000000,0.4537098110663696,6.75,False,0.17222222222222222,,141.0,0.6508701376781502,0.13953016098224036,OI_TREND;SHOCK,False,0.13703703703703704,,141.0,0.6508701376781502,0.13953016098224036,OI_TREND;SHOCK,False,0.4962962962962963,,55.0,0.3839389011159836,0.2592043161738723,OI_DIV,36.0,119.0,2026-09-16 15:00:00,2026-09-23 09:00:00
CC,False,1789567200000,1789714800000,0.20583500188269685,1.7083333333333333,False,0.22962962962962963,,35.0,0.8342760370037394,0.03150503123419161,SHORT_COVER;RESID,False,0.22962962962962963,,35.0,0.8342760370037394,0.03150503123419161,SHORT_COVER;RESID,True,0.7240740740740741,,0.0,0.0,0.20583500188269685,SHOCK,4.0,9.0,2026-09-16 14:00:00,2026-09-18 07:00:00
CC,False,1790175600000,1790560800000,0.3642289970169731,4.458333333333333,False,0.22962962962962963,,41.0,0.3413583175503794,0.22699384062410272,OI_TREND;RESID,False,0.22962962962962963,,41.0,0.3413583175503794,0.22699384062410272,OI_TREND;RESID,True,0.7240740740740741,,8.0,0.07241519076191337,0.33388807044611435,OI_FLUSH,41.0,49.0,2026-09-23 15:00:00,2026-09-28 02:00:00
CRV,False,1790193600000,1790690400000,0.2785648222373777,5.75,False,0.42777777777777776,,115.0,0.14119771196261652,0.23496242235762746,OI_FLUSH;FUND_COLD,False,0.1037037037037037,,129.0,0.8152735005586985,0.046440453294326625,OI_TREND;RESID;LS_EXT,True,0.9462962962962963,,23.0,0.3836811204073674,0.16352373372680754,RESID,19.0,118.0,2026-09-23 20:00:00,2026-09-29 14:00:00
DASH,False,1789524000000,1789704000000,0.21471542851148775,2.0833333333333335,False,0.0,,,,,,False,0.0,,,,,,False,0.45,,,,,,9.0,16.0,2026-09-16 02:00:00,2026-09-18 04:00:00
DASH,False,1790211600000,1790456400000,0.2774319021168563,2.8333333333333335,False,0.0,,,,,,False,0.0,,,,,,True,0.45,,0.0,0.0,0.2774319021168563,FUND_COLD,12.0,57.0,2026-09-24 01:00:00,2026-09-26 21:00:00
ENA,False,1789340400000,1789923600000,0.5689756516167054,6.75,False,0.11851851851851852,,133.0,0.6893192092320825,0.15020220793846203,OI_TREND;RESID,False,0.11851851851851852,,133.0,0.6893192092320825,0.15020220793846203,OI_TREND;RESID,True,0.7462962962962963,,24.0,0.07279529751931982,0.5183652796199322,SHORT_CROWD,90.0,124.0,2026-09-13 23:00:00,2026-09-20 17:00:00
ENA,False,1790100000000,1790532000000,0.4671197553757435,5.0,False,0.11851851851851852,,,,,,False,0.11851851851851852,,,,,,True,0.7462962962962963,,68.0,0.6102279025821188,0.1611374498095691,LS_EXT,51.0,66.0,2026-09-22 18:00:00,2026-09-27 18:00:00
ETC,False,1789570800000,1790262000000,0.25761079302500134,8.0,False,0.24444444444444444,,185.0,0.7887409951732964,0.04961503479477538,OI_TREND;VOL,False,0.14814814814814814,,185.0,0.7887409951732964,0.04961503479477538,OI_TREND;VOL,False,0.6481481481481481,,83.0,0.3939655920870968,0.1490222967752974,SHOCK,36.0,80.0,2026-09-16 15:00:00,2026-09-24 15:00:00
ETHFI,False,1789120800000,1789210800000,0.22940871462413348,1.0416666666666667,True,0.14074074074074075,OI_TREND;RESID;VOL,4.0,0.2567847809188586,0.16590629133832424,OI_FLUSH;VOL,True,0.13703703703703704,OI_TREND;RESID;VOL,6.0,0.5179840296433744,0.1046763160327865,SHORT_COVER;VOL,True,0.7111111111111111,,0.0,0.0,0.22940871462413348,SHOCK;VOL,5.0,6.0,2026-09-11 10:00:00,2026-09-12 11:00:00
ETHFI,False,1789578000000,1789750800000,0.21538261731419808,2.0,False,0.14074074074074075,,,,,,False,0.13703703703703704,,,,,,False,0.7111111111111111,,,,,,19.0,34.0,2026-09-16 17:00:00,2026-09-18 17:00:00
FIL,True,1789574400000,1789837200000,0.3440569944646249,3.0416666666666665,True,0.7166666666666667,FUND_COLD,72.0,0.8584415969630057,0.042746167814327704,SHOCK,False,0.3148148148148148,,72.0,0.8584415969630057,0.042746167814327704,SHOCK,True,0.7203703703703703,,72.0,0.8584415969630057,0.042746167814327704,SHOCK,33.0,57.0,2026-09-16 16:00:00,2026-09-19 17:00:00
FIL,True,1790193600000,1790438400000,0.32780787438078807,2.8333333333333335,True,0.7166666666666667,SHOCK,66.0,0.849833798055491,0.04349591027004142,SHOCK,False,0.3148148148148148,,66.0,0.849833798055491,0.04349591027004142,SHOCK,True,0.7203703703703703,,66.0,0.849833798055491,0.04349591027004142,SHOCK,20.0,57.0,2026-09-23 20:00:00,2026-09-26 16:00:00
GRAM,False,1790071200000,1790589600000,0.22638459527908694,6.0,False,0.32407407407407407,,57.0,0.12367463577785309,0.19582000217243054,FUND_COLD;SHORT_CROWD,False,0.1537037037037037,,101.0,0.33507430592986603,0.14532874643428798,OI_TREND;RESID,True,0.7944444444444444,,28.0,0.07098808051760484,0.20874655214384347,OI_FLUSH,98.0,102.0,2026-09-22 10:00:00,2026-09-28 10:00:00
GRASS,False,1789336800000,1790064000000,0.34870023002563344,8.416666666666666,True,0.5962962962962963,OI_DIV;COIL;LS_EXT,0.0,0.0,0.34870023002563344,OI_DIV;SHOCK,False,0.5018518518518519,,190.0,0.7192969177706163,0.08759615130330661,OI_TREND;RESID;SHOCK;LS_EXT,True,0.8055555555555556,,0.0,0.0,0.34870023002563344,OI_DIV;SHOCK,87.0,190.0,2026-09-13 22:00:00,2026-09-22 08:00:00
GRASS,False,1790085600000,1790359200000,0.38092749797718967,3.1666666666666665,True,0.5962962962962963,OI_TREND;RESID;VOL,68.0,0.5458632702323528,0.1578618479998353,OI_TREND;RESID;LS_EXT,True,0.5018518518518519,OI_TREND;RESID;VOL,68.0,0.5458632702323528,0.1578618479998353,OI_TREND;RESID;LS_EXT,True,0.8055555555555556,,0.0,0.0,0.38092749797718967,OI_TREND;VOL,19.0,67.0,2026-09-22 14:00:00,2026-09-25 18:00:00
GRASS,False,1790391600000,1790560800000,0.3398791542305571,1.9583333333333333,True,0.5962962962962963,OI_TREND;RESID;SHOCK;VOL;LS_EXT,19.0,0.6206455445652006,0.1173851956242608,OI_TREND;VOL;LS_EXT,True,0.5018518518518519,OI_TREND;RESID;SHOCK;VOL;LS_EXT,19.0,0.6206455445652006,0.1173851956242608,OI_TREND;VOL;LS_EXT,True,0.8055555555555556,,0.0,0.0,0.3398791542305571,VOL,14.0,15.0,2026-09-26 03:00:00,2026-09-28 02:00:00
GRASS,False,1790607600000,1790722800000,0.3941985137553954,1.3333333333333333,True,0.5962962962962963,OI_FLUSH;SHOCK;VOL,16.0,0.6923984228538566,0.10762941159894313,OI_TREND;VOL,True,0.5018518518518519,OI_FLUSH;SHOCK;VOL,16.0,0.6923984228538566,0.10762941159894313,OI_TREND;VOL,True,0.8055555555555556,,0.0,0.0,0.3941985137553954,SHOCK,11.0,12.0,2026-09-28 15:00:00,2026-09-29 23:00:00
GRT,False,1789527600000,1790550000000,0.8892487554678669,11.833333333333334,False,0.2543689320388349,,280.0,0.865145375829355,0.08957936255255301,OI_TREND;RESID;SHOCK;VOL,False,0.13398058252427184,,280.0,0.865145375829355,0.08957936255255301,OI_TREND;RESID;SHOCK;VOL,True,0.8116504854368932,,55.0,0.1726707840009424,0.6927081356538126,LS_EXT,112.0,171.0,2026-09-16 03:00:00,2026-09-27 23:00:00
HBAR,False,1789570800000,1790614800000,0.6275831608502844,12.083333333333334,True,0.7074074074074074,OI_TREND;VOL;LS_EXT,52.0,0.058237814203933855,0.5820615477525193,OI_DIV;VOL,True,0.5796296296296296,OI_TREND;VOL;LS_EXT,94.0,0.24123451450016076,0.4471437380386901,OI_TREND;RESID;SHOCK;VOL,True,0.9592592592592593,,0.0,0.0,0.6275831608502844,RESID;LS_EXT,136.0,281.0,2026-09-16 15:00:00,2026-09-28 17:00:00
ICP,False,1789570800000,1790438400000,0.22642245691295151,10.041666666666666,False,0.20555555555555555,,0.0,0.0,0.22642245691295151,OI_FLUSH;FUND_COLD,False,0.11666666666666667,,,,,,True,0.7981481481481482,,0.0,0.0,0.22642245691295151,OI_FLUSH;FUND_COLD,29.0,36.0,2026-09-16 15:00:00,2026-09-26 16:00:00
INJ,False,1789585200000,1789862400000,0.45007755077123457,3.2083333333333335,False,0.17962962962962964,,74.0,0.8935473354040179,0.040352526947763145,OI_TREND;RESID,False,0.09074074074074075,,74.0,0.8935473354040179,0.040352526947763145,OI_TREND;RESID,True,0.7111111111111111,,39.0,0.6421676648413083,0.14222326153786055,RESID;SHOCK,36.0,39.0,2026-09-16 19:00:00,2026-09-20 00:00:00
JUP,False,1789545600000,1789948800000,0.38073704532845604,4.666666666666667,False,0.17777777777777778,,,,,,False,0.08888888888888889,,,,,,False,0.5981481481481481,,90.0,0.5720331781917534,0.14805541039643702,SHOCK,37.0,44.0,2026-09-16 08:00:00,2026-09-21 00:00:00
JUP,False,1790175600000,1790550000000,0.32041644041619466,4.333333333333333,True,0.17777777777777778,FUND_COLD;SHORT_CROWD,32.0,0.24211706395742133,0.234481962830498,SHORT_COVER;FUND_COLD,False,0.08888888888888889,,32.0,0.24211706395742133,0.234481962830498,SHORT_COVER;FUND_COLD,True,0.5981481481481481,,28.0,0.27269099101935707,0.22403586143805718,FUND_COLD,25.0,44.0,2026-09-23 15:00:00,2026-09-27 23:00:00
KITE,False,1789567200000,1790474400000,0.4469776371828099,10.5,False,0.18333333333333332,,2.0,0.2966261818772272,0.2967750391497877,OI_TREND;SHOCK,False,0.1814814814814815,,2.0,0.2966261818772272,0.2967750391497877,OI_TREND;SHOCK,True,0.587037037037037,,2.0,0.2966261818772272,0.2967750391497877,OI_TREND;SHOCK,135.0,140.0,2026-09-16 14:00:00,2026-09-27 02:00:00
LDO,False,1789570800000,1789948800000,0.2697644171286023,4.375,True,0.5148148148148148,FUND_COLD;SHORT_CROWD,33.0,0.3645237310274679,0.16389446269977306,OI_TREND;COIL,False,0.27037037037037037,,33.0,0.3645237310274679,0.16389446269977306,OI_TREND;COIL,True,0.8111111111111111,,27.0,0.30171183095721554,0.18148619171841873,OI_TREND,22.0,36.0,2026-09-16 15:00:00,2026-09-21 00:00:00
LDO,False,1790193600000,1790362800000,0.30998797973309383,1.9583333333333333,False,0.5148148148148148,,13.0,0.07321664124087719,0.2843440912250729,OI_FLUSH;FUND_COLD,False,0.27037037037037037,,17.0,0.2612028000447805,0.2207781872676032,OI_FLUSH;FUND_COLD;SHOCK,True,0.8111111111111111,,2.0,0.010047419811249939,0.30643882012979334,RESID,19.0,25.0,2026-09-23 20:00:00,2026-09-25 19:00:00
LINK,False,1789570800000,1790640000000,0.3148417787400859,12.375,False,0.19074074074074074,,210.0,0.6197188849148938,0.10969938491879262,OI_TREND;RESID,False,0.19074074074074074,,210.0,0.6197188849148938,0.10969938491879262,OI_TREND;RESID,True,0.8425925925925926,,83.0,0.2046245992488421,0.24322305091969976,SHOCK,59.0,209.0,2026-09-16 15:00:00,2026-09-29 00:00:00
LIT,False,1789513200000,1789714800000,0.2399365668930149,2.3333333333333335,False,0.21481481481481482,,44.0,0.6333950409736114,0.08203350320071236,OI_DIV;SHORT_CROWD,False,0.0,,,,,,True,0.8703703703703703,,28.0,0.8145926219767967,0.04067938219241293,RESID,18.0,19.0,2026-09-15 23:00:00,2026-09-18 07:00:00
LTC,False,1789567200000,1790413200000,0.32935340424696746,9.791666666666666,False,0.3277777777777778,,17.0,0.12859202317409146,0.28156688273399827,FUND_COLD;SHORT_CROWD,False,0.21666666666666667,,180.0,0.5618604853355421,0.1328483270847731,OI_TREND;RESID;SHOCK;LS_EXT,True,0.8833333333333333,,1.0,0.004156474927000283,0.32778128689487396,OI_DIV,61.0,180.0,2026-09-16 14:00:00,2026-09-26 09:00:00
MON,False,1790211600000,1790607600000,0.2554080631591924,4.583333333333333,True,0.3907407407407407,FUND_COLD;RESID,90.0,0.8223611558971371,0.04123327343045331,OI_TREND;SHOCK,False,0.2,,90.0,0.8223611558971371,0.04123327343045331,OI_TREND;SHOCK,True,0.8222222222222222,,0.0,0.0,0.2554080631591924,FUND_COLD,28.0,51.0,2026-09-24 01:00:00,2026-09-28 15:00:00
MON,False,1790737200000,1790881200000,0.2894554933577855,1.6666666666666667,True,0.3907407407407407,OI_DIV;FUND_COLD;VOL;SHORT_CROWD,20.0,0.684578911053884,0.08348896682436076,OI_TREND;RESID;SHOCK;LS_EXT,True,0.2,OI_TREND;VOL,20.0,0.684578911053884,0.08348896682436076,OI_TREND;RESID;SHOCK;LS_EXT,True,0.8222222222222222,,18.0,0.44344978982242905,0.15198462028329537,RESID,14.0,20.0,2026-09-30 03:00:00,2026-10-01 19:00:00
MORPHO,False,1789585200000,1789808400000,0.2677825557580843,2.5833333333333335,False,0.37037037037037035,,,,,,False,0.2388888888888889,,,,,,False,0.8703703703703703,,8.0,0.09794446498831305,0.2386599815592757,COIL,29.0,36.0,2026-09-16 19:00:00,2026-09-19 09:00:00
NEAR,False,1789311600000,1789963200000,0.8309625454789155,7.541666666666667,False,0.09074074074074075,,,,,,False,0.0,,,,,,True,0.9018518518518519,,26.0,0.1617541991681914,0.6603129474436376,SHOCK,88.0,103.0,2026-09-13 15:00:00,2026-09-21 04:00:00
NEAR,False,1790010000000,1790164800000,0.20711598587514296,1.7916666666666667,False,0.09074074074074075,,,,,,False,0.0,,,,,,True,0.9018518518518519,,,,,,5.0,8.0,2026-09-21 17:00:00,2026-09-23 12:00:00
NEAR,False,1790244000000,1790542800000,0.30702661609435455,3.4583333333333335,False,0.09074074074074075,,,,,,False,0.0,,,,,,True,0.9018518518518519,,4.0,0.2583976650139059,0.21965445365723502,OI_FLUSH,6.0,23.0,2026-09-24 10:00:00,2026-09-27 21:00:00
NIGHT,False,1789336800000,1789855200000,0.20914908497123647,6.0,False,0.12222222222222222,,,,,,False,0.12222222222222222,,,,,,False,0.8740740740740741,,7.0,0.06000145945103693,0.1954486890113027,LS_EXT,73.0,91.0,2026-09-13 22:00:00,2026-09-19 22:00:00
NIGHT,False,1790200800000,1790848800000,0.9663942091659073,7.5,False,0.12222222222222222,,136.0,0.5530238430900714,0.3528939360651361,RESID;SHOCK;VOL,False,0.12222222222222222,,136.0,0.5530238430900714,0.3528939360651361,RESID;SHOCK;VOL,True,0.8740740740740741,,70.0,0.16714479198382312,0.7562449056202717,SHORT_COVER,113.0,136.0,2026-09-23 22:00:00,2026-10-01 10:00:00
ONDO,False,1789520400000,1789948800000,0.267819433659614,4.958333333333333,False,0.2722222222222222,,54.0,0.60460768407994,0.09836859239063218,OI_TREND;VOL,False,0.2722222222222222,,54.0,0.60460768407994,0.09836859239063218,OI_TREND;VOL,True,0.9296296296296296,,17.0,0.15650084995206337,0.2215994629747277,OI_DIV,23.0,36.0,2026-09-16 01:00:00,2026-09-21 00:00:00
ONDO,False,1790208000000,1790568000000,0.46823089534725054,4.166666666666667,False,0.2722222222222222,,12.0,0.306898198127079,0.30498485175698103,OI_TREND;RESID;SHOCK;VOL,False,0.2722222222222222,,12.0,0.306898198127079,0.30498485175698103,OI_TREND;RESID;SHOCK;VOL,True,0.9296296296296296,,1.0,0.0017867175236568147,0.46722373573311926,OI_FLUSH,12.0,14.0,2026-09-24 00:00:00,2026-09-28 04:00:00
OP,True,1789578000000,1789923600000,0.33963524929131206,4.0,True,0.8648148148148148,OI_FLUSH,34.0,0.6342436669105271,0.1128743709277982,RESID;SHOCK,True,0.37962962962962965,OI_TREND,34.0,0.6342436669105271,0.1128743709277982,RESID;SHOCK,True,0.9296296296296296,,34.0,0.6342436669105271,0.1128743709277982,RESID;SHOCK,24.0,34.0,2026-09-16 17:00:00,2026-09-20 17:00:00
OP,True,1790200800000,1790427600000,0.22658477430049978,2.625,True,0.8648148148148148,OI_FLUSH,59.0,0.7737076614051144,0.047301150007422736,SHORT_COVER,False,0.37962962962962965,,59.0,0.7737076614051144,0.047301150007422736,SHORT_COVER,True,0.9296296296296296,,59.0,0.7737076614051144,0.047301150007422736,SHORT_COVER,16.0,37.0,2026-09-23 22:00:00,2026-09-26 13:00:00
PENDLE,False,1789041600000,1789819200000,0.36052077740021315,9.0,False,0.0,,,,,,False,0.0,,,,,,True,0.9388888888888889,,24.0,0.2289226143480225,0.2679351438959885,SHOCK,43.0,93.0,2026-09-10 12:00:00,2026-09-19 12:00:00
PENGU,False,1789570800000,1790154000000,0.43815346300268737,6.75,False,0.2574074074074074,,46.0,0.21270692622575738,0.33118668703534926,OI_DIV;LS_EXT,False,0.12962962962962962,,141.0,0.49602188351631843,0.20096508969501425,OI_TREND;RESID;VOL,False,0.6074074074074074,,4.0,0.04267523564160437,0.4160247881451438,LS_EXT,74.0,136.0,2026-09-16 15:00:00,2026-09-23 09:00:00
PEPE,False,1789081200000,1790046000000,0.4552962956726481,11.166666666666666,False,0.30925925925925923,,14.0,0.13641757160452636,0.38268097227046316,OI_DIV;SHOCK;LS_EXT,False,0.30925925925925923,,14.0,0.13641757160452636,0.38268097227046316,OI_DIV;SHOCK;LS_EXT,True,0.75,,11.0,0.005065406710774908,0.4525330025797509,LS_EXT,160.0,210.0,2026-09-10 23:00:00,2026-09-22 03:00:00
PIEVERSE,False,1789419600000,1789794000000,0.48966379832337764,4.333333333333333,False,0.17222222222222222,,90.0,0.8718755093500289,0.052390322134264034,OI_TREND;RESID;SHOCK,False,0.17222222222222222,,90.0,0.8718755093500289,0.052390322134264034,OI_TREND;RESID;SHOCK,False,0.3925925925925926,,52.0,0.03356686697019382,0.46986765431244776,SHOCK,70.0,90.0,2026-09-14 21:00:00,2026-09-19 05:00:00
PIEVERSE,False,1789830000000,1789905600000,0.2857698497022307,0.875,True,0.17222222222222222,RESID;SHOCK;VOL,21.0,1.0,0.0,OI_TREND;RESID,True,0.17222222222222222,RESID;SHOCK;VOL,21.0,1.0,0.0,OI_TREND;RESID,True,0.3925925925925926,,0.0,0.0,0.2857698497022307,VOL,7.0,7.0,2026-09-19 15:00:00,2026-09-20 12:00:00
POL,False,1790200800000,1790686800000,0.2387576084452865,5.625,False,0.26851851851851855,,1.0,0.04317189193301378,0.2273599251981579,FUND_COLD;RESID,False,0.0,,,,,,True,1.0,,0.0,0.0,0.2387576084452865,RESID,19.0,38.0,2026-09-23 22:00:00,2026-09-29 13:00:00
PONS,False,1790010000000,1790128800000,0.24704710931841778,1.375,False,0.0,,,,,,False,0.0,,,,,,False,0.0,,,,,,14.0,24.0,2026-09-21 17:00:00,2026-09-23 02:00:00
PUMP,True,1789520400000,1789707600000,0.2199423441111545,2.1666666666666665,True,0.8740740740740741,COIL,,,,,False,0.524074074074074,,,,,,True,0.8814814814814815,,,,,,12.0,26.0,2026-09-16 01:00:00,2026-09-18 05:00:00
PUMP,True,1790247600000,1790611200000,0.41686820519139167,4.208333333333333,True,0.8740740740740741,FUND_COLD,5.0,0.05736325242524575,0.3888287718324485,COIL,True,0.524074074074074,OI_TREND,41.0,0.47245233087713945,0.20180360142678236,RESID;LS_EXT,True,0.8814814814814815,,5.0,0.05736325242524575,0.3888287718324485,COIL,38.0,42.0,2026-09-24 11:00:00,2026-09-28 16:00:00
PUMP,True,1790647200000,1790809200000,0.25053125786037117,1.875,True,0.8740740740740741,VOL;LS_EXT,0.0,0.0,0.25053125786037117,VOL,True,0.524074074074074,OI_TREND;RESID;SHOCK;VOL;LS_EXT,9.0,0.7149655054633202,0.06579897064481645,SHOCK;VOL;LS_EXT,True,0.8814814814814815,,0.0,0.0,0.25053125786037117,VOL,9.0,9.0,2026-09-29 02:00:00,2026-09-30 23:00:00
PYTH,False,1789164000000,1790492400000,0.5793713375895064,15.375,False,0.13518518518518519,,256.0,0.3472574876323172,0.34759412648415444,OI_DIV;VOL,False,0.08888888888888889,,263.0,0.3429262940731653,0.35026429305130724,OI_TREND;FUND_COLD;VOL;SHORT_CROWD,True,0.8759259259259259,,19.0,0.1979852218407389,0.44273744434215523,OI_TREND,147.0,305.0,2026-09-11 22:00:00,2026-09-27 07:00:00
RAY,False,1788998400000,1789099200000,0.4433220071218375,1.1666666666666667,False,0.10185185185185185,,,,,,False,0.0,,,,,,True,0.27037037037037037,,0.0,0.0,0.4433220071218375,FUND_COLD,5.0,20.0,2026-09-10 00:00:00,2026-09-11 04:00:00
RAY,False,1789491600000,1789808400000,0.4548220169464607,3.6666666666666665,False,0.10185185185185185,,,,,,False,0.0,,,,,,False,0.27037037037037037,,58.0,0.7879827748279092,0.08272582543049702,SHOCK,20.0,38.0,2026-09-15 17:00:00,2026-09-19 09:00:00
RAY,False,1789916400000,1790272800000,0.3225882170409484,4.125,False,0.10185185185185185,,,,,,False,0.0,,,,,,False,0.27037037037037037,,,,,,60.0,70.0,2026-09-20 15:00:00,2026-09-24 18:00:00
RENDER,False,1789545600000,1790496000000,0.4496048503306588,11.0,True,0.26666666666666666,SHORT_CROWD;COIL,24.0,0.19528083780921895,0.34821970387968787,SHORT_COVER;RESID,False,0.08888888888888889,,24.0,0.19528083780921895,0.34821970387968787,SHORT_COVER;RESID,True,0.8092592592592592,,0.0,0.0,0.4496048503306588,SHORT_CROWD,40.0,104.0,2026-09-16 08:00:00,2026-09-27 08:00:00
SEI,False,1789570800000,1789984800000,0.37585511466756966,4.791666666666667,False,0.4148148148148148,,108.0,0.666139149250871,0.11240773595869474,OI_TREND;RESID;VOL;LS_EXT,False,0.32037037037037036,,108.0,0.666139149250871,0.11240773595869474,OI_TREND;RESID;VOL;LS_EXT,False,0.7296296296296296,,40.0,0.3110037591799895,0.24587958978103663,SHORT_COVER,37.0,101.0,2026-09-16 15:00:00,2026-09-21 10:00:00
SEI,False,1790024400000,1790557200000,0.46975587957169423,6.166666666666667,True,0.4148148148148148,OI_TREND;VOL,0.0,0.0,0.46975587957169423,OI_DIV;VOL,True,0.32037037037037036,OI_TREND;VOL,5.0,0.1185485710505118,0.4041662361132304,OI_TREND;VOL,True,0.7296296296296296,,0.0,0.0,0.46975587957169423,OI_DIV;VOL,83.0,92.0,2026-09-21 21:00:00,2026-09-28 01:00:00
SKY,False,1790071200000,1790564400000,0.30515184849771176,5.708333333333333,False,0.2962962962962963,,29.0,0.3910138728032257,0.17607757889067466,OI_TREND;VOL,False,0.2796296296296296,,29.0,0.3910138728032257,0.17607757889067466,OI_TREND;VOL,True,0.8333333333333334,,28.0,0.4637753984273755,0.15350716530456254,RESID,21.0,54.0,2026-09-22 10:00:00,2026-09-28 03:00:00
STABLE,False,1790092800000,1790694000000,0.26706415390845784,6.958333333333333,False,0.2518518518518518,,,,,,False,0.0,,,,,,False,0.7925925925925926,,32.0,0.6015272963774165,0.09891079062196308,RESID,22.0,31.0,2026-09-22 16:00:00,2026-09-29 15:00:00
STRK,False,1789570800000,1789786800000,0.622499720435721,2.5,False,0.14942528735632185,,40.0,0.46572178521565694,0.29508140943687017,OI_TREND;RESID;SHOCK,False,0.14942528735632185,,40.0,0.46572178521565694,0.29508140943687017,OI_TREND;RESID;SHOCK,False,0.5555555555555556,,3.0,0.03665001652567109,0.5939744672332288,COIL,39.0,41.0,2026-09-16 15:00:00,2026-09-19 03:00:00
STX,True,1789578000000,1789945200000,0.35838940755234466,4.25,False,0.7685185185185185,,34.0,0.4091759715792862,0.19837832330306465,RESID,False,0.5074074074074074,,34.0,0.4091759715792862,0.19837832330306465,RESID,False,0.8203703703703704,,34.0,0.4091759715792862,0.19837832330306465,RESID,32.0,41.0,2026-09-16 17:00:00,2026-09-20 23:00:00
STX,True,1790643600000,1790834400000,0.33052164214545515,2.2083333333333335,True,0.7685185185185185,OI_FLUSH,1.0,0.008086705335681732,0.3274525748318749,OI_FLUSH,True,0.5074074074074074,OI_TREND,37.0,0.3683862618242849,0.19766115297832032,OI_TREND;SHOCK,True,0.8203703703703704,,1.0,0.008086705335681732,0.3274525748318749,OI_FLUSH,37.0,40.0,2026-09-29 01:00:00,2026-10-01 06:00:00
SUI,False,1789506000000,1790557200000,0.6790324265433687,12.166666666666666,False,0.10185185185185185,,129.0,0.5218468018912392,0.2811875819989807,RESID;VOL;LS_EXT,False,0.10185185185185185,,129.0,0.5218468018912392,0.2811875819989807,RESID;VOL;LS_EXT,True,0.8722222222222222,,41.0,0.10627425649953347,0.5890629312978901,SHORT_COVER,85.0,126.0,2026-09-15 21:00:00,2026-09-28 01:00:00
TAO,False,1789570800000,1790053200000,0.34363159696578316,5.583333333333333,True,0.2851851851851852,OI_DIV;FUND_COLD;SHORT_CROWD,83.0,0.3740764899007358,0.20307748203240594,OI_DIV;SHOCK,False,0.1574074074074074,,97.0,0.48013734541001574,0.16597191488008833,OI_FLUSH;SHOCK,True,0.8444444444444444,,70.0,0.5201428418347654,0.15227509740575032,OI_TREND,35.0,67.0,2026-09-16 15:00:00,2026-09-22 05:00:00
TIA,False,1789520400000,1790154000000,0.4511663581527972,7.333333333333333,False,0.0,,,,,,False,0.0,,,,,,True,0.6018518518518519,,142.0,0.46133689035531783,0.22211223156210796,SHORT_CROWD,48.0,59.0,2026-09-16 01:00:00,2026-09-23 09:00:00
UB,False,1789873200000,1789905600000,0.27933564024901025,0.375,False,0.2777777777777778,,6.0,0.43574110892451,0.1491241573524721,OI_TREND;SHOCK,False,0.2777777777777778,,6.0,0.43574110892451,0.1491241573524721,OI_TREND;SHOCK,True,0.5981481481481481,,6.0,0.43574110892451,0.1491241573524721,OI_TREND;SHOCK,6.0,7.0,2026-09-20 03:00:00,2026-09-20 12:00:00
UB,False,1789927200000,1790179200000,0.22678530124611457,2.9166666666666665,True,0.2777777777777778,OI_DIV;VOL;SHORT_CROWD,0.0,0.0,0.22678530124611457,OI_DIV;RESID;SHOCK;VOL;SHORT_CROWD,True,0.2777777777777778,OI_TREND;SHOCK;VOL,30.0,0.7406853436375476,0.05443300070894456,SHORT_COVER;RESID,True,0.5981481481481481,,0.0,0.0,0.22678530124611457,OI_DIV;RESID;SHOCK;VOL;SHORT_CROWD,7.0,9.0,2026-09-20 18:00:00,2026-09-23 16:00:00
UNI,False,1789041600000,1789722000000,0.5263661584651308,7.875,False,0.08888888888888889,,189.0,1.0,0.0,OI_TREND;RESID,False,0.08888888888888889,,189.0,1.0,0.0,OI_TREND;RESID,False,0.6796296296296296,,12.0,0.06316727442160025,0.48613241608928404,COIL,118.0,172.0,2026-09-10 12:00:00,2026-09-18 09:00:00
UNI,False,1790074800000,1790128800000,0.22557941411317992,0.625,False,0.08888888888888889,,,,,,False,0.08888888888888889,,,,,,True,0.6796296296296296,,1.0,0.5374773292684109,0.098651433954349,SHOCK,1.0,1.0,2026-09-22 11:00:00,2026-09-23 02:00:00
VIRTUAL,False,1789570800000,1790625600000,0.307262268202373,12.208333333333334,False,0.08888888888888889,,48.0,0.2562292043761768,0.220526455687237,OI_DIV;LS_EXT,False,0.0,,,,,,False,0.6,,43.0,0.27844389860902324,0.21328334247203007,LS_EXT,36.0,151.0,2026-09-16 15:00:00,2026-09-28 20:00:00
VVV,False,1789311600000,1789783200000,0.2798085513160198,5.458333333333333,False,0.07962962962962963,,,,,,False,0.06851851851851852,,,,,,False,0.4388888888888889,,,,,,68.0,82.0,2026-09-13 15:00:00,2026-09-19 02:00:00
VVV,False,1789851600000,1789974000000,0.3196618571610256,1.4166666666666667,False,0.07962962962962963,,,,,,False,0.06851851851851852,,,,,,True,0.4388888888888889,,29.0,0.9191850738152686,0.02266921162356021,SHOCK,10.0,15.0,2026-09-19 21:00:00,2026-09-21 07:00:00
WLD,False,1790193600000,1790506800000,0.420807600361231,3.625,True,0.34814814814814815,OI_FLUSH;SHOCK,3.0,0.008653989451980698,0.41649561031705434,OI_FLUSH;FUND_COLD,False,0.21666666666666667,,17.0,0.16738541368156984,0.3396862256636273,OI_FLUSH;SHOCK,True,0.9018518518518519,,0.0,0.0,0.420807600361231,OI_FLUSH,20.0,50.0,2026-09-23 20:00:00,2026-09-27 11:00:00
WLFI,False,1789120800000,1789603200000,0.20702817799665485,5.583333333333333,False,0.14629629629629629,,0.0,0.0,0.20702817799665485,RESID;SHOCK;VOL;LS_EXT,False,0.10740740740740741,,21.0,0.6998959200710632,0.058092723559007416,OI_TREND;VOL;LS_EXT,True,0.7296296296296296,,0.0,0.0,0.20702817799665485,RESID;SHOCK;VOL;LS_EXT,7.0,13.0,2026-09-11 10:00:00,2026-09-17 00:00:00
XLM,False,1789570800000,1790636400000,0.21755064252573025,12.333333333333334,True,0.26481481481481484,OI_FLUSH;FUND_COLD;RESID,4.0,0.19185749003250602,0.17242671675595456,SHORT_COVER;FUND_COLD,True,0.23333333333333334,OI_TREND;VOL,4.0,0.19185749003250602,0.17242671675595456,SHORT_COVER;FUND_COLD,True,0.9425925925925925,,0.0,0.0,0.21755064252573025,OI_FLUSH;FUND_COLD;RESID,24.0,115.0,2026-09-16 15:00:00,2026-09-28 23:00:00
XPL,False,1789336800000,1789992000000,0.20343690511124593,7.583333333333333,True,0.3814814814814815,OI_DIV;COIL,,,,,False,0.11851851851851852,,,,,,True,0.8111111111111111,,97.0,0.6605047395863113,0.06488654053741753,SHORT_COVER,21.0,79.0,2026-09-13 22:00:00,2026-09-21 12:00:00
XPL,False,1790179200000,1790416800000,0.39102065554885357,2.75,True,0.3814814814814815,OI_FLUSH;RESID,29.0,0.8106314314143505,0.06449315876370738,RESID;VOL;LS_EXT,False,0.11851851851851852,,29.0,0.8106314314143505,0.06449315876370738,RESID;VOL;LS_EXT,True,0.8111111111111111,,3.0,0.04211076795619211,0.3718217741354063,FUND_COLD,23.0,26.0,2026-09-23 16:00:00,2026-09-26 10:00:00
XTZ,False,1789567200000,1789840800000,0.4251285682830876,3.1666666666666665,False,0.3296296296296296,,59.0,0.478833290081363,0.20277282431507837,SHORT_COVER;SHOCK,False,0.3296296296296296,,59.0,0.478833290081363,0.20277282431507837,SHORT_COVER;SHOCK,True,0.5851851851851851,,25.0,0.04376479837257759,0.403203485449123,FUND_COLD,55.0,60.0,2026-09-16 14:00:00,2026-09-19 18:00:00
ZEC,False,1789344000000,1789700400000,0.4192454219477399,4.125,False,0.22962962962962963,,63.0,0.49819353083132856,0.19207461041792553,OI_TREND;FUND_COLD;SHORT_CROWD,False,0.1962962962962963,,63.0,0.49819353083132856,0.19207461041792553,OI_TREND;FUND_COLD;SHORT_CROWD,True,0.8314814814814815,,0.0,0.0,0.4192454219477399,LS_EXT,54.0,61.0,2026-09-14 00:00:00,2026-09-18 03:00:00
ZRO,False,1789480800000,1789704000000,0.22400150727423557,2.5833333333333335,False,0.3814814814814815,,,,,,False,0.3,,,,,,True,0.987037037037037,,8.0,0.3522408808880114,0.1398863689845516,LS_EXT,8.0,39.0,2026-09-15 14:00:00,2026-09-18 04:00:00
ZRO,False,1790020800000,1790215200000,0.38582703691825465,2.25,False,0.3814814814814815,,0.0,0.0,0.38582703691825465,SHORT_COVER;FUND_COLD;RESID,False,0.3,,0.0,0.0,0.38582703691825465,SHORT_COVER;FUND_COLD;RESID,True,0.987037037037037,,0.0,0.0,0.38582703691825465,SHORT_COVER;FUND_COLD;RESID,20.0,20.0,2026-09-21 20:00:00,2026-09-24 02:00:00
ZRO,False,1790701200000,1790740800000,0.2135669253830753,0.4583333333333333,True,0.3814814814814815,OI_DIV;LS_EXT,,,,,True,0.3,OI_FLUSH;SHOCK,,,,,True,0.987037037037037,,0.0,0.0,0.2135669253830753,LS_EXT,5.0,7.0,2026-09-29 17:00:00,2026-09-30 04:00:00
