id,ts,symbol,watch,rules,score,price,call,pred_up72,base_up72,ret24,resid24,mae24,ret72,resid72,mae72,ret168,resid168,mae168,ret336,resid336,mae336
1790840887761-signal-NIGHT-SHORT_CROWD,1790840887761,NIGHT,0,SHORT_CROWD,,0.041484,up,0.7254901960784313,0.5787626151820974,0.03890253890253881,0.006521910910967765,-0.10047212988389465,,,,,,,,,
1790840887761-signal-MON-SHORT_CROWD,1790840887761,MON,0,SHORT_CROWD,,0.03227,up,0.7254901960784313,0.5787626151820974,0.05422249922094102,0.02184187122936998,-0.023371766905578073,,,,,,,,,
1790841773685-signal-MORPHO-OI_FLUSH,1790841773685,MORPHO,0,OI_FLUSH,,2.4813,up,0.7547169811320755,0.5789473684210527,0.05378904043257182,0.02169950963600842,-0.015293358082479225,,,,,,,,,
1790845724000-signal-SUI-SHORT_CROWD,1790845724000,SUI,0,SHORT_CROWD,,1.1545,up,0.7058823529411765,0.5789473684210527,0.025425927527458203,-0.0054607294510564675,-0.025944824007610556,,,,,,,,,
1790845724000-signal-NIGHT-SHORT_CROWD,1790845724000,NIGHT,0,SHORT_CROWD,,0.041858,up,0.7058823529411765,0.5789473684210527,0.023131425395943372,-0.007755231582571298,-0.13533851995924784,,,,,,,,,
1790851091046-signal-BCH-SHORT_CROWD,1790851091046,BCH,0,SHORT_CROWD,,307.3,up,0.72,0.5789473684210527,0.02364755425979914,-0.004002220815493507,-0.024619371558146974,,,,,,,,,
1790851091046-signal-QNT-SHORT_CROWD,1790851091046,QNT,0,SHORT_CROWD,,48.24,up,0.72,0.5789473684210527,-0.03032165539848397,-0.05797143047377662,-0.05326777299733665,,,,,,,,,
1790861901062-signal-XRP-COIL,1790861901062,XRP,0,COIL,,1.4891,down,0.42857142857142855,0.5789473684210527,0.02867503861392784,-0.002683127930368734,-0.010879054462426985,,,,,,,,,
1790861901062-signal-TRX-SHORT_CROWD,1790861901062,TRX,0,SHORT_CROWD,,0.33253,up,0.7254901960784313,0.5789473684210527,0.005925703113250025,-0.025432463431046548,-0.0009625507595127925,,,,,,,,,
1790861901062-signal-BCH-COIL,1790861901062,BCH,0,COIL,,308.1,down,0.42857142857142855,0.5789473684210527,0.024358557973368056,-0.006999608570928517,-0.022085092562520114,,,,,,,,,
1790861901062-signal-STX-RESID,1790861901062,STX,0,RESID,,0.3756,none,0.5151515151515151,0.5789473684210527,-0.015741728922091802,-0.047099895466388375,-0.031216648879402453,,,,,,,,,
1790861901062-signal-NIGHT-SHORT_CROWD,1790861901062,NIGHT,0,SHORT_CROWD,,0.039644,up,0.7254901960784313,0.5789473684210527,0.2439521782354892,0.21259401169119263,-0.048076677967829884,,,,,,,,,
1790862921693-signal-MON-SHORT_CROWD,1790862921693,MON,0,SHORT_CROWD,,0.03238,up,0.7254901960784313,0.5789473684210527,0.07452071737786037,0.043162550833563795,-0.020717377860235087,,,,,,,,,
1790867527298-signal-POL-SHORT_CROWD,1790867527298,POL,0,OI_DIV;SHORT_CROWD;LS_EXT,4.0,0.10819,up,0.7169811320754716,0.5789473684210527,0.010220994475138134,-0.0036059717341954123,-0.027163904235727565,,,,,,,,,
1790871577146-signal-XLM-SHORT_CROWD,1790871577146,XLM,0,FUND_COLD;SHORT_CROWD,3.0,0.21904,none,0.7169811320754716,0.5789473684210527,0.015054849222013056,0.003571985598988414,-0.006976637444347622,,,,,,,,,
1790871577146-signal-DOT-SHORT_CROWD,1790871577146,DOT,0,FUND_COLD;SHORT_CROWD,3.0,1.1688,none,0.7169811320754716,0.5789473684210527,0.04879938032532927,0.037316516702304625,-0.0008606592649968992,,,,,,,,,
1790872514130-signal-AAVE-SHORT_CROWD,1790872514130,AAVE,1,SHORT_CROWD,1.5,168.74,none,0.7169811320754716,0.5789473684210527,0.10167248225243664,0.090189618629412,-0.012393213813018944,,,,,,,,,
1790878124570-signal-AAVE-SHORT_CROWD,1790878124570,AAVE,1,FUND_COLD;SHORT_CROWD,3.0,169.29,none,0.7115384615384616,0.5789473684210527,0.07510281933599572,0.08149016074375914,-0.007748703582285299,,,,,,,,,
1790878124570-signal-APT-COIL,1790878124570,APT,0,OI_DIV;COIL,3.0,0.7745,none,0.41935483870967744,0.5789473684210527,0.007750936571502498,0.014138277979265923,-0.011626404857253636,,,,,,,,,
1790878124570-signal-NIGHT-VOL,1790878124570,NIGHT,0,OI_DIV;VOL;LS_EXT,3.5,0.038467,none,0.5,0.5789473684210527,0.23781131279020684,0.24419865419797027,-0.014800548754748788,,,,,,,,,
1790878124570-signal-ZRO-SHORT_CROWD,1790878124570,ZRO,0,FUND_COLD;SHORT_CROWD,3.0,1.8108,none,0.7115384615384616,0.5789473684210527,-0.012170160978038358,-0.005782819570274933,-0.04309343364496321,,,,,,,,,
1790883509312-signal-TRX-SHORT_CROWD,1790883509312,TRX,0,OI_DIV;SHORT_CROWD,3.5,0.33596,none,0.7115384615384616,0.5789473684210527,-0.003720902542120652,0.0006454194667420143,-0.006935762338512785,,,,,,,,,
1790883509312-signal-STX-VOL,1790883509312,STX,1,VOL,1.0,0.3741,none,0.5096153846153846,0.5789473684210527,-0.05417547568710368,-0.049809153678241014,-0.07267441860465118,,,,,,,,,
1790883509312-signal-ZRO-SHORT_CROWD,1790883509312,ZRO,0,OI_TREND;FUND_COLD;SHORT_CROWD,4.5,1.8392,none,0.7115384615384616,0.5789473684210527,-0.053547594896161455,-0.04918127288729879,-0.07650419091345895,,,,,,,,,
1790888982427-signal-PUMP-FUND_COLD,1790888982427,PUMP,1,FUND_COLD,1.5,0.005849,none,0.6036036036036037,0.5796610169491525,-0.06468716861081658,-0.06444102903784521,-0.10021208907741253,,,,,,,,,
1790888982427-signal-AAVE-SHORT_CROWD,1790888982427,AAVE,1,OI_TREND;FUND_COLD;SHORT_CROWD,4.5,170.01,none,0.7115384615384616,0.5796610169491525,0.06997050147492634,0.07021664104789771,-0.00041297935103246086,,,,,,,,,
1790888982427-signal-ZRO-SHORT_CROWD,1790888982427,ZRO,0,OI_DIV;SHORT_CROWD,3.5,1.8276,none,0.7115384615384616,0.5796610169491525,0.005609700815956575,0.0058558403889279464,-0.01983227561196732,,,,,,,,,
1790888982427-signal-MON-SHORT_CROWD,1790888982427,MON,0,OI_TREND;VOL;SHORT_CROWD;LS_EXT,4.5,0.0339,none,0.7115384615384616,0.5796610169491525,-0.04051236222817989,-0.04026622265520852,-0.08519511468573138,,,,,,,,,
1790894287030-signal-DOT-SHORT_CROWD,1790894287030,DOT,0,FUND_COLD;SHORT_CROWD,3.0,1.1744,none,0.7115384615384616,0.5775423728813559,-0.0263113079019075,-0.024002332527436887,-0.032697547683923855,,,,,,,,,
1790908044236-signal-TRX-SHORT_CROWD,1790908044236,TRX,0,OI_DIV;SHORT_CROWD,3.5,0.33428,none,0.7,0.575107296137339,-0.00047874091140298614,0.006390886503214066,-0.0019448849525747214,,,,,,,,,
1790908044236-signal-NEAR-SHORT_CROWD,1790908044236,NEAR,0,FUND_COLD;SHORT_CROWD,3.0,4.933,none,0.7,0.575107296137339,-0.05760322255790529,-0.050733595143288235,-0.07653575025176229,,,,,,,,,
1790908044236-signal-STX-VOL,1790908044236,STX,1,VOL,1.0,0.3759,none,0.5247524752475248,0.575107296137339,-0.02866242038216571,-0.021792792967548658,-0.0687367303609343,,,,,,,,,
1790915975434-signal-NEAR-SHORT_CROWD,1790915975434,NEAR,0,OI_DIV;FUND_COLD;SHORT_CROWD,5.0,5.011,none,0.6938775510204082,0.5754716981132075,-0.07992859976199918,-0.055948853020079126,-0.09063863546211814,,,,,,,,,
1790915975434-signal-AAVE-SHOCK,1790915975434,AAVE,1,SHOCK,1.0,183.13,none,0.5973597359735974,0.5754716981132075,-0.0481837205558836,-0.024203973813963553,-0.05505177871975098,,,,,,,,,
1790926747683-signal-ETH-OI_DIV,1790926747683,ETH,1,OI_DIV,2.0,2723.82,none,0.5258620689655172,0.5754716981132075,-0.02060183070542454,-0.0024559199247553565,-0.0327955712275958,,,,,,,,,
1790926747683-signal-NIGHT-OI_FLUSH,1790926747683,NIGHT,0,OI_FLUSH;VOL,2.5,0.041369,none,0.7372881355932204,0.5754716981132075,0.20334345799809883,0.22148936877876801,-0.025133900623710348,,,,,,,,,
1790931134071-signal-TRX-OI_DIV,1790931134071,TRX,0,OI_DIV;SHORT_CROWD,3.5,0.33441,none,0.5210084033613446,0.5772977551884795,0.0034114372923959024,0.022407089728562757,-0.0018254182003172303,,,,,,,,,
1790931134071-signal-PUMP-FUND_COLD,1790931134071,PUMP,1,FUND_COLD,1.5,0.005926,none,0.6120689655172413,0.5772977551884795,-0.06766660985171291,-0.04867095741554606,-0.132265212203852,,,,,,,,,
1790931134071-signal-NIGHT-VOL,1790931134071,NIGHT,0,SHORT_COVER;VOL,2.5,0.042373,none,0.49523809523809526,0.5772977551884795,0.1877564495590247,0.20675210199519156,-0.008253549026081108,,,,,,,,,
1790931134071-signal-OP-FUND_COLD,1790931134071,OP,1,FUND_COLD,1.5,0.13294,none,0.6120689655172413,0.5772977551884795,-0.015263157894736867,0.003732494541429987,-0.07345864661654133,,,,,,,,,
1790932146740-signal-OP-SHORT_CROWD,1790932146740,OP,1,FUND_COLD;SHORT_CROWD,3.0,0.13318,none,0.6666666666666666,0.5752250321474497,-0.0018869348630085048,0.018796129835276676,-0.06989206732583586,,,,,,,,,
1790937520864-signal-NIGHT-OI_FLUSH,1790937520864,NIGHT,0,OI_FLUSH;VOL;LS_EXT,3.0,0.044312,none,0.7310924369747899,0.576874205844981,0.13755712877497972,0.1569415255006965,-0.013778116318666656,,,,,,,,,
1790948322791-signal-NIGHT-LS_EXT,1790948322791,NIGHT,0,FUND_COLD;RESID;VOL;LS_EXT,4.0,0.048877,none,0.4883720930232558,0.5772977551884795,0.004200905756265527,0.023823160876785487,-0.06139470071108011,,,,,,,,,
1790949478682-signal-AAVE-VOL,1790949478682,AAVE,1,VOL,1.0,183.58,none,0.5233644859813084,0.5772977551884795,-0.013262744241894997,0.006359510878624963,-0.03880580722628524,,,,,,,,,
1790971520689-signal-NIGHT-LS_EXT,1790971520689,NIGHT,0,RESID;VOL;LS_EXT,2.5,0.046677,none,0.48854961832061067,0.5756536648092585,,,,,,,,,,,,
1790975354618-signal-XRP-FUND_COLD,1790975354618,XRP,1,FUND_COLD,1.5,1.4718,none,0.6134453781512605,0.5653956539565396,,,,,,,,,,,,
1790980694736-signal-PUMP-FUND_COLD,1790980694736,PUMP,1,FUND_COLD,1.5,0.005336,none,0.6134453781512605,0.567121024370095,,,,,,,,,,,,
1790980694736-signal-NIGHT-LS_EXT,1790980694736,NIGHT,0,FUND_COLD;RESID;VOL;LS_EXT,4.0,0.048063,none,0.4925373134328358,0.567121024370095,,,,,,,,,,,,
1791002318576-signal-NIGHT-LS_EXT,1791002318576,NIGHT,0,FUND_COLD;RESID;VOL;LS_EXT,4.0,0.050191,none,0.4962962962962963,0.5670656211308296,,,,,,,,,,,,
1791018516912-signal-PUMP-FUND_COLD,1791018516912,PUMP,1,FUND_COLD,1.5,0.005474,none,0.5859375,0.5655258764607679,,,,,,,,,,,,
1791034716841-signal-ETH-FUND_COLD,1791034716841,ETH,1,FUND_COLD,1.5,2680.2,none,0.5968992248062015,0.5655258764607679,,,,,,,,,,,,
